{
  "modelVersion": "xgboost_base_december_2025",
  "baseModelName": "xgboost_base",
  "algorithm": "xgboost",
  "cutoffYear": 2025,
  "cutoffMonth": 12,
  "trainedAtUtc": "2026-04-14T06:11:54.281357Z",
  "datasetPath": "/app/db/2016 - 2025 datasets.csv",
  "modelPath": "/app/models/xgboost_base_december_2025.json",
  "featureOrder": [
    "year",
    "month",
    "peak_season",
    "philippine_holidays",
    "top10market_holidays",
    "avg_hightemp",
    "avg_lowtemp",
    "precipitation",
    "lag_1",
    "lag_2",
    "rolling_mean_3m",
    "growth_rate",
    "sudden_increase",
    "inflation_rate",
    "is_december",
    "is_lockdown"
  ],
  "target": "arrivals",
  "hyperparameters": {
    "n_estimators": 400,
    "max_depth": 2,
    "learning_rate": 0.036306443636682215,
    "subsample": 0.8531945911995203,
    "colsample_bytree": 0.8995708310976516,
    "reg_alpha": 0.7062321565122543,
    "reg_lambda": 0.7549611362574712
  },
  "metrics": {
    "mae_train": 762.7082263053732,
    "rmse_train": 945.0774188457287,
    "mape_train": 19.965619141220696,
    "r2_train": 0.9989856565700275,
    "mae_test": 3348.7810872395835,
    "rmse_test": 4244.96358897803,
    "mape_test": 4.378173656153739,
    "r2_test": 0.7649650578502677,
    "rowCount": 118,
    "trainCount": 94,
    "testCount": 24
  }
}