{
  "modelVersion": "xgboost_base_march_2026",
  "baseModelName": "xgboost_base",
  "algorithm": "xgboost",
  "cutoffYear": 2026,
  "cutoffMonth": 3,
  "trainedAtUtc": "2026-04-14T07:14:27.667758Z",
  "datasetPath": "/app/db/2016 - 2025 datasets.csv",
  "modelPath": "/app/models/xgboost_base_march_2026.json",
  "featureOrder": [
    "year",
    "month",
    "peak_season",
    "philippine_holidays",
    "top10market_holidays",
    "avg_hightemp",
    "avg_lowtemp",
    "precipitation",
    "lag_1",
    "lag_2",
    "rolling_mean_3m",
    "growth_rate",
    "sudden_increase",
    "inflation_rate",
    "is_december",
    "is_lockdown"
  ],
  "target": "arrivals",
  "hyperparameters": {
    "n_estimators": 400,
    "max_depth": 2,
    "learning_rate": 0.036306443636682215,
    "subsample": 0.8531945911995203,
    "colsample_bytree": 0.8995708310976516,
    "reg_alpha": 0.7062321565122543,
    "reg_lambda": 0.7549611362574712
  },
  "metrics": {
    "mae_train": 754.0429414908091,
    "rmse_train": 941.3750410703643,
    "mape_train": 18.47775701145133,
    "r2_train": 0.998985264535347,
    "mae_test": 2385.175,
    "rmse_test": 3077.5719383860323,
    "mape_test": 3.185570452324535,
    "r2_test": 0.8943918904533079,
    "rowCount": 121,
    "trainCount": 96,
    "testCount": 25
  }
}