{
  "modelVersion": "xgboost_base_february_2026",
  "baseModelName": "xgboost_base",
  "algorithm": "xgboost",
  "cutoffYear": 2026,
  "cutoffMonth": 2,
  "trainedAtUtc": "2026-04-14T07:52:37.465485Z",
  "datasetPath": "/app/db/2016 - 2025 datasets.csv",
  "modelPath": "/app/models/xgboost_base_february_2026.json",
  "featureOrder": [
    "year",
    "month",
    "peak_season",
    "philippine_holidays",
    "top10market_holidays",
    "avg_hightemp",
    "avg_lowtemp",
    "precipitation",
    "lag_1",
    "lag_2",
    "rolling_mean_3m",
    "growth_rate",
    "sudden_increase",
    "inflation_rate",
    "is_december",
    "is_lockdown"
  ],
  "target": "arrivals",
  "hyperparameters": {
    "n_estimators": 400,
    "max_depth": 2,
    "learning_rate": 0.036306443636682215,
    "subsample": 0.8531945911995203,
    "colsample_bytree": 0.8995708310976516,
    "reg_alpha": 0.7062321565122543,
    "reg_lambda": 0.7549611362574712
  },
  "metrics": {
    "mae_train": 749.4226497014364,
    "rmse_train": 944.6754762544809,
    "mape_train": 19.596910093651697,
    "r2_train": 0.9989781367927251,
    "mae_test": 2334.98095703125,
    "rmse_test": 3122.571987030564,
    "mape_test": 2.991959479708048,
    "r2_test": 0.8741349953415924,
    "rowCount": 120,
    "trainCount": 96,
    "testCount": 24
  }
}