{
  "modelVersion": "xgboost_base_january_2026",
  "baseModelName": "xgboost_base",
  "algorithm": "xgboost",
  "cutoffYear": 2026,
  "cutoffMonth": 1,
  "trainedAtUtc": "2026-04-11T15:53:22.282242Z",
  "datasetPath": "/app/db/2016 - 2025 datasets.csv",
  "modelPath": "/app/models/xgboost_base_january_2026.json",
  "featureOrder": [
    "year",
    "month",
    "peak_season",
    "philippine_holidays",
    "top10market_holidays",
    "avg_hightemp",
    "avg_lowtemp",
    "precipitation",
    "lag_1",
    "lag_2",
    "rolling_mean_3m",
    "growth_rate",
    "sudden_increase",
    "inflation_rate",
    "is_december",
    "is_lockdown"
  ],
  "target": "arrivals",
  "hyperparameters": {
    "n_estimators": 400,
    "max_depth": 2,
    "learning_rate": 0.036306443636682215,
    "subsample": 0.8531945911995203,
    "colsample_bytree": 0.8995708310976516,
    "reg_alpha": 0.7062321565122543,
    "reg_lambda": 0.7549611362574712
  },
  "metrics": {
    "mae_train": 768.9653580515009,
    "rmse_train": 947.3402370616299,
    "mape_train": 19.399870342869733,
    "r2_train": 0.9989783829260095,
    "mae_test": 2678.1650390625,
    "rmse_test": 3638.574421214185,
    "mape_test": 3.4342780931407613,
    "r2_test": 0.8333745343119819,
    "rowCount": 119,
    "trainCount": 95,
    "testCount": 24
  }
}