{
  "modelVersion": "xgboost_base_march_2025",
  "baseModelName": "xgboost_base",
  "algorithm": "xgboost",
  "cutoffYear": 2025,
  "cutoffMonth": 3,
  "trainedAtUtc": "2026-04-11T22:02:25.076966Z",
  "datasetPath": "/app/db/2016 - 2025 datasets.csv",
  "modelPath": "/app/models/xgboost_base_march_2025.json",
  "featureOrder": [
    "year",
    "month",
    "peak_season",
    "philippine_holidays",
    "top10market_holidays",
    "avg_hightemp",
    "avg_lowtemp",
    "precipitation",
    "lag_1",
    "lag_2",
    "rolling_mean_3m",
    "growth_rate",
    "sudden_increase",
    "inflation_rate",
    "is_december",
    "is_lockdown"
  ],
  "target": "arrivals",
  "hyperparameters": {
    "n_estimators": 400,
    "max_depth": 2,
    "learning_rate": 0.036306443636682215,
    "subsample": 0.8531945911995203,
    "colsample_bytree": 0.8995708310976516,
    "reg_alpha": 0.7062321565122543,
    "reg_lambda": 0.7549611362574712
  },
  "metrics": {
    "mae_train": 775.0864562988281,
    "rmse_train": 981.3830343216515,
    "mape_train": 20.064000523989325,
    "r2_train": 0.9989639837519789,
    "mae_test": 5468.480646306818,
    "rmse_test": 6366.203319182571,
    "mape_test": 7.735250785129871,
    "r2_test": 0.4893595473061644,
    "rowCount": 109,
    "trainCount": 87,
    "testCount": 22
  }
}